Workbook

Sheet Process Flow
A1: Step | B1: Tool | C1: Recipe | D1: Notes | E1: Purpose
A2: 0 SCRIBE
A3: 1 ASH | B3: YES Asher | C3: Recipe 4 Descum | D3: Improved Resist Adhesion was observed for oxide qual wafers when ashed in YES asher just prior to coating | E3: Wafer clean
A4: 2-4 COAT | B4: ACS200 | C4: AZ 10XT 6 um | D4: Improved Resist Adhesion was observed for oxide qual wafers when ashed in YES asher just prior to coating | E4: HMDS, coat, bake to deposit photoresist
A5: 5 FILMETRICS | B5: Filmetrics reflectometer | C5: MFF AZ10XT on Si | D5: Should be around 6um | E5: Determine resist thickness
A6: 6 REHYDRATE | C6: 30 min | D6: Do NOT skip!! Otherwise photoresist will crack/delaminate after developing
A7: 7 EXPOSE | B7: MLA150 | C7: Design_Orthogonal_Trenches.gds | E7: Expose test pattern into resist
A8: 8 DEVELOP | B8: ACS200 | C8: 3 min, AZ 400K | E8: Dissolve exposed regions of resist in developer to transfer mask pattern into resist
A9: 9 DESCUM | B9: YES Asher | C9: Recipe 4 Descum | D9: Improved Resist Adhesion was observed for oxide qual wafers when ashed in YES asher just prior to coating | E9: cleans remnants of exposed-yet-undeveloped resist via a low-power oxygen plasma
A10: 10 INSPECT | B10: NIKON | D10: Check for completed develop and flaws | E10: Determine pre-deposition trench widths
A11: 11 EVAP | B11: EVAP4 | C11: Cu, 500 nm | D11: Vary angle according to run sheet | E11: Shrink trench
A12: 12 INSPECT | B12: NIKON | E12: Determine post-deposition trench widths
A13: 13 DEKTAK | D13: Measure deposition thickness

Sheet Run Sheet
A1: Run | B1: Wafer ID | C1: Metal | D1: Thickness (nm) | E1: Angle | F1: Notes
A2: 1 | B2: A1 | C2: Cu | D2: 500 | E2: 0 | F2: test run
A3: 2 | B3: A3 | C3: Cu | D3: 500 | E3: 45 | F3: didn't tilt, ran with actual angle of 0 :(
A4: 3 | B4: A4 | C4: Cu | D4: 500 | E4: 45
A5: 4 | B5: A5 | C5: Cu | D5: 500 | E5: 30 | F5: loaded 180° backwards
A6: 5 | B6: A6 | C6: Cu | D6: 500 | E6: 37.5
A7: 6 | B7: A2 | C7: Cu | D7: 500 | E7: 20 | F7: forgot kapton tape, could measure pins
A8: 7 | B8: A7 | C8: Cu | D8: 500 | E8: 25
A9: 8 | B9: A8 | C9: Cu

Sheet Wafer Status
C1: 5 FILMETRICS (Photoresist) | H1: Pre-evap trench width (North) | K1: Pre-evap trench width (East) | N1: Pre-evap trench width (South) | Q1: Pre-evap trench width (West) | T1: Pre-evap trench width (Center) | W1: Pre-evap trench width (Average) | Z1: EVAP4 | AE1: Post-evap trench width (North) | AH1: Post-evap trench width (East) | AK1: Post-evap trench width (South) | AN1: Post-evap trench width (West) | AQ1: Post-evap trench width (Center) | AT1: Post-evap trench width (Average) | AW1: Notes | AX1: Post-evap trench width (North) | BA1: Post-evap trench width (East) | BD1: Post-evap trench width (South) | BG1: Post-evap trench width (West) | BJ1: Post-evap trench width (Center) | BM1: Post-evap trench width (Average)
A2: Wafer | B2: Next Step | C2: Min | D2: Max | E2: Mean | F2: Std. Dev. | G2: Unif. [%] | H2: Vertical | I2: Horizontal | J2: Diagonal | K2: Vertical | L2: Horizontal | M2: Diagonal | N2: Vertical | O2: Horizontal | P2: Diagonal | Q2: Vertical | R2: Horizontal | S2: Diagonal | T2: Vertical | U2: Horizontal | V2: Diagonal | W2: Vertical | X2: Horizontal | Y2: Diagonal | Z2: Metal | AA2: Thickness (nm) | AB2: Angle | AC2: Deposition Rate (A/s) | AD2: Notes | AE2: Vertical | AF2: Horizontal | AG2: Diagonal | AH2: Vertical | AI2: Horizontal | AJ2: Diagonal | AK2: Vertical | AL2: Horizontal | AM2: Diagonal | AN2: Vertical | AO2: Horizontal | AP2: Diagonal | AQ2: Vertical | AR2: Horizontal | AS2: Diagonal | AT2: Vertical | AU2: Horizontal | AV2: Diagonal | AX2: Dektak:
A3: A1 | B3: Complete | C3: 6.004 | D3: 6.054 | E3: 6.032 | F3: 0.01656 | G3: 0.4 | H3: =AVERAGE(6.33, 6.41, 6.53, 6.45) -> 6.43 | I3: =AVERAGE(6.69, 6.78, 6.91, 6.91) -> 6.8225 | J3: =AVERAGE(6.55, 6.23, 6.46, 6.46) -> 6.425 | L3: =AVERAGE(6.35, 6.29, 6.35, 6.46) -> 6.3625 | T3: =AVERAGE(6.52, 6.52, 7, 6.69) -> 6.6825 | U3: =AVERAGE(6.93, 6.89, 6.83, 6.99) -> 6.91 | V3: =AVERAGE(6.42, 6.37, 6.3, 6.23) -> 6.33 | W3: =AVERAGE(H3,K3,N3,Q3,T3) -> 6.55625 | X3: =AVERAGE(I3,L3,O3,R3,U3) -> 6.6983333 | Y3: =AVERAGE(J3,M3,P3,S3,V3) -> 6.3775 | Z3: Cu | AA3: 500 | AB3: 0 | AC3: 7 | AD3: one-way kapton | AE3: =AVERAGE(0, 0, 0, 0) -> 0 | AF3: =AVERAGE(0, 0, 0, 0) -> 0 | AG3: =AVERAGE(0, 0, 0, 0) -> 0 | AH3: =AVERAGE(0, 0, 0, 0) -> 0 | AI3: =AVERAGE(0, 0, 0, 0) -> 0 | AJ3: =AVERAGE(0, 0, 0, 0) -> 0 | AK3: =AVERAGE(0, 0, 0, 0) -> 0 | AL3: =AVERAGE(0, 0, 0, 0) -> 0 | ... AT3: =AVERAGE(0, 0, 0, 0) -> 0 | AU3: =AVERAGE(AF3,AI3,AL3,AO3,AR3) -> 0 | AV3: =AVERAGE(AG3,AJ3,AM3,AP3,AS3) -> 0 | AW3: 0 | BA3: =AVERAGE(556.6,554.7,539.4,545.9) -> 549.15 | BG3: =AVERAGE(553.6,561.4,547.5,528.2) -> 547.675 | BJ3: =AVERAGE(552.9,558.4,569.1,576) -> 564.1 | BM3: =AVERAGE(BA3,BG3,BJ3) -> 553.64167
A4: A2 | B4: Complete | C4: 6.046 | D4: 6.289 | E4: 6.113 | F4: 0.04864 | G4: 2 | H4: =AVERAGE(6.8, 6.83, 7.47, 6.92) -> 7.005 | I4: =AVERAGE(6.79, 6.32, 6.31, 6.88) -> 6.575 | J4: =AVERAGE(6.9, 6.73, 6.72, 6.56) -> 6.7275 | K4: =AVERAGE(6.56, 6.41, 6.09, 6.51) -> 6.3925 | L4: =AVERAGE(6.78, 6.47, 6.7, 6.33) -> 6.57 | M4: =AVERAGE(6.53, 6.92, 6.65, 6.57) -> 6.6675 | N4: =AVERAGE(6.75, 6.82, 6.6, 6.75) -> 6.73 | O4: =AVERAGE(6.52, 6.85, 6.4, 6.56) -> 6.5825 | P4: =AVERAGE(6.74, 6.56, 6.27, 6.23) -> 6.45 | Q4: =AVERAGE(6.96, 6.74, 6.81, 6.51) -> 6.755 | R4: =AVERAGE(6.54, 6.33, 6.34, 6.46) -> 6.4175 | S4: =AVERAGE(6.47, 6.54, 6.76, 6.87) -> 6.66 | T4: =AVERAGE(6.76, 6.49, 6.54, 6.38) -> 6.5425 | U4: =AVERAGE(6.41, 6.18, 6.61, 6.25) -> 6.3625 | V4: =AVERAGE(6.32, 6.3, 6.5, 6.6) -> 6.43 | W4: =AVERAGE(H4,K4,N4,Q4,T4) -> 6.685 | X4: =AVERAGE(I4,L4,O4,R4,U4) -> 6.5015 | Y4: =AVERAGE(J4,M4,P4,S4,V4) -> 6.587 | Z4: Cu | AA4: 500 | AB4: 20 | AC4: 10 | AD4: no kapton | AE4: 0 | AF4: =AVERAGE(1.61, 1.7, 1.48, 1.74) -> 1.6325 | AG4: =AVERAGE(1.7, 1.42, 1.77, 1.66) -> 1.6375 | AH4: 0 | AI4: =AVERAGE(1.67, 1.77, 1.66, 1.76) -> 1.715 | AJ4: =AVERAGE(1.65, 1.78, 1.87, 1.62) -> 1.73 | AK4: 0 | AL4: =AVERAGE(1.39, 1.24, 1.21, 1.25) -> 1.2725 | AM4: =AVERAGE(1.9, 1.66, 1.76, 1.6) -> 1.73 | AN4: 0 | AO4: =AVERAGE(1.69, 1.79, 1.94, 1.62) -> 1.76 | AP4: =AVERAGE(1.85, 1.79, 1.86, 1.8) -> 1.825 | AQ4: 0 | AR4: =AVERAGE(1.38, 1.52, 1.56, 1.46) -> 1.48 | AS4: =AVERAGE(1.45, 1.46, 1.62, 1.59) -> 1.53 | AT4: 0 | AU4: =AVERAGE(AF4,AI4,AL4,AO4,AR4) -> 1.572 | AV4: =AVERAGE(AG4,AJ4,AM4,AP4,AS4) -> 1.6905 | AW4: 20 | AX4: =AVERAGE(419.3,424.3,405.8,428) -> 419.35 | BD4: =AVERAGE(507.3,490,454.5,465.9) -> 479.425 | BM4: =AVERAGE(AX4,BD4) -> 449.3875
A5: A3 | B5: Complete | C5: 6.014 | D5: 6.113 | E5: 6.041 | F5: 0.0231 | G5: 0.8 | H5: =AVERAGE(6.83, 6.82, 6.73, 6.64) -> 6.755 | I5: =AVERAGE(6.38, 6.65, 6.68, 6.83) -> 6.635 | J5: =AVERAGE(6.97, 6.63, 6.9, 6.58) -> 6.77 | K5: =AVERAGE(6.6, 6.78, 6.6, 6.53) -> 6.6275 | L5: =AVERAGE(6.27, 6.28, 6.19, 6.41) -> 6.2875 | M5: =AVERAGE(6.33, 6.41, 6.42, 6.23) -> 6.3475 | N5: =AVERAGE(6.55, 6.74, 6.46, 6.53) -> 6.57 | O5: =AVERAGE(6.47, 6.66, 6.53, 6.26) -> 6.48 | P5: =AVERAGE(6.3, 6.41, 6.34, 6.37) -> 6.355 | Q5: =AVERAGE(6.86, 6.68, 6.74, 6.47) -> 6.6875 | R5: =AVERAGE(6.41, 6.37, 6.46, 6.56) -> 6.45 | S5: =AVERAGE(6.38, 6.46, 6.56, 6.54) -> 6.485 | T5: =AVERAGE(6.86, 6.93, 6.8, 6.83) -> 6.855 | U5: =AVERAGE(6.11, 6.3, 6.2, 6.06) -> 6.1675 | V5: =AVERAGE(6.6, 6.93, 6.31, 6.75) -> 6.6475 | W5: =AVERAGE(H5,K5,N5,Q5,T5) -> 6.699 | X5: =AVERAGE(I5,L5,O5,R5,U5) -> 6.404 | Y5: =AVERAGE(J5,M5,P5,S5,V5) -> 6.521 | Z5: Cu | AA5: 500 | AB5: 0 | AC5: 10 | AD5: 45 failed | AE5: =AVERAGE(0, 0, 0, 0) -> 0 | AF5: =AVERAGE(0, 0, 0, 0) -> 0 | AG5: =AVERAGE(0, 0, 0, 0) -> 0 | AH5: =AVERAGE(0, 0, 0, 0) -> 0 | AI5: =AVERAGE(0, 0, 0, 0) -> 0 | AJ5: =AVERAGE(0, 0, 0, 0) -> 0 | AK5: =AVERAGE(0, 0, 0, 0) -> 0 | AL5: =AVERAGE(0, 0, 0, 0) -> 0 | ... AT5: =AVERAGE(0, 0, 0, 0) -> 0 | AU5: =AVERAGE(AF5,AI5,AL5,AO5,AR5) -> 0 | AV5: =AVERAGE(AG5,AJ5,AM5,AP5,AS5) -> 0 | AW5: 0 | AX5: =AVERAGE(576.4,583.5,569.9,569.7) -> 574.875 | BA5: =AVERAGE(531.1,534.2,531.9,551.9) -> 537.275 | BD5: =AVERAGE(554.2,535.7,539.4,512.7) -> 535.5 | BG5: =AVERAGE(540.8,534.9,546.6,564.6) -> 546.725 | BJ5: =AVERAGE(529.2,552,557.7,554.7) -> 548.4 | BM5: =AVERAGE(AX5,BA5,BD5,BG5,BJ5) -> 548.555
A6: A4 | B6: Complete | C6: 6.028 | D6: 6.253 | E6: 6.094 | F6: 0.04446 | G6: 1.8 | H6: =AVERAGE(6.54, 6.62, 6.32, 6.56) -> 6.51 | I6: =AVERAGE(6.57, 6.58, 6.5, 6.4) -> 6.5125 | J6: =AVERAGE(6.33, 6.69, 6.22, 6.73) -> 6.4925 | K6: =AVERAGE(6.79, 6.54, 6.76, 6.41) -> 6.625 | L6: =AVERAGE(6.9, 6.71, 6.46, 6.76) -> 6.7075 | M6: =AVERAGE(6.57, 6.7, 6.53, 6.68) -> 6.62 | N6: =AVERAGE(6.66, 6.82, 6.85, 6.53) -> 6.715 | O6: =AVERAGE(6.76, 6.45, 6.81, 6.34) -> 6.59 | P6: =AVERAGE(6.72, 6.64, 6.8, 6.73) -> 6.7225 | Q6: =AVERAGE(6.78, 6.88, 6.79, 6.92) -> 6.8425 | R6: =AVERAGE(6.61, 6.27, 6.72, 6.71) -> 6.5775 | S6: =AVERAGE(6.8, 6.63, 6.52, 6.42) -> 6.5925 | T6: =AVERAGE(6.68, 6.77, 6.9, 6.83) -> 6.795 | U6: =AVERAGE(6.16, 6.41, 6.92, 6.74) -> 6.5575 | V6: =AVERAGE(6.32, 6.73, 6.52, 6.81) -> 6.595 | W6: =AVERAGE(H6,K6,N6,Q6,T6) -> 6.6975 | X6: =AVERAGE(I6,L6,O6,R6,U6) -> 6.589 | Y6: =AVERAGE(J6,M6,P6,S6,V6) -> 6.6045 | Z6: Cu | AA6: 500 | AB6: 45 | AC6: 10 | AD6: 180° rotation | AE6: 0 | AF6: =AVERAGE(4.99, 5.1, 4.64, 4.64) -> 4.8425 | AG6: =AVERAGE(5, 4.87, 4.53, 4.5) -> 4.725 | AH6: 0 | AI6: =AVERAGE(4.26, 4.26, 4.34, 4.55) -> 4.3525 | AJ6: =AVERAGE(4.69, 4.17, 4.1, 4.94) -> 4.475 | AK6: 0 | AL6: =AVERAGE(4.82, 4.68, 4.96, 5.1) -> 4.89 | AM6: =AVERAGE(4.22, 4.04, 4.23, 4.35) -> 4.21 | AN6: 0 | AO6: =AVERAGE(4.71, 4.71, 4.4, 4.98) -> 4.7 | AP6: =AVERAGE(4.67, 4.78, 4.57, 4.86) -> 4.72 | AQ6: 0 | AR6: =AVERAGE(5.27, 5.11, 5.52, 5.46) -> 5.34 | AS6: =AVERAGE(5.27, 5.24, 5.64, 5.62) -> 5.4425 | AT6: 0 | AU6: =AVERAGE(AF6,AI6,AL6,AO6,AR6) -> 4.825 | AV6: =AVERAGE(AG6,AJ6,AM6,AP6,AS6) -> 4.7145 | AW6: 45 | AX6: =AVERAGE(322,295,312,321) -> 312.5 | BA6: =AVERAGE(336,358,375,380) -> 362.25 | BD6: =AVERAGE(445,450,404,414) -> 428.25 | BG6: =AVERAGE(330,326,384,409) -> 362.25 | BJ6: =AVERAGE(422,438,449,443) -> 438 | BM6: =AVERAGE(AX6,BA6,BD6,BG6,BJ6) -> 380.65
A7: A5 | B7: Complete | C7: 6.02 | D7: 6.092 | E7: 6.043 | F7: 0.01741 | G7: 0.6 | H7: =AVERAGE(6.39, 6.56, 6.2, 6.39) -> 6.385 | I7: =AVERAGE(6.36, 6.59, 6.59, 6.63) -> 6.5425 | J7: =AVERAGE(6.48, 6.69, 6.58, 6.34) -> 6.5225 | K7: =AVERAGE(6.56, 6.24, 6.76, 6.25) -> 6.4525 | L7: =AVERAGE(6.35, 6.33, 6.41, 6.34) -> 6.3575 | M7: =AVERAGE(6.51, 6.48, 6.65, 6.38) -> 6.505 | N7: =AVERAGE(6.67, 6.6, 6.3, 6.82) -> 6.5975 | O7: =AVERAGE(6.34, 6.13, 6.33, 6.18) -> 6.245 | P7: =AVERAGE(6.46, 6.57, 6.23, 6.78) -> 6.51 | Q7: =AVERAGE(6.48, 6.58, 6.46, 6.45) -> 6.4925 | R7: =AVERAGE(6.57, 6.21, 6.86, 6.19) -> 6.4575 | S7: =AVERAGE(6.5, 6.16, 6.53, 6.29) -> 6.37 | T7: =AVERAGE(6.78, 6.59, 6.48, 6.37) -> 6.555 | U7: =AVERAGE(6.44, 6.87, 6.67, 6.6) -> 6.645 | V7: =AVERAGE(6.23, 6.85, 6.22, 6.14) -> 6.36 | W7: =AVERAGE(H7,K7,N7,Q7,T7) -> 6.4965 | X7: =AVERAGE(I7,L7,O7,R7,U7) -> 6.4495 | Y7: =AVERAGE(J7,M7,P7,S7,V7) -> 6.4535 | Z7: Cu | AA7: 500 | AB7: 30 | AC7: 10 | AE7: 0 | AF7: =AVERAGE(1.57, 1.77, 1.85, 1.65) -> 1.71 | AG7: =AVERAGE(1.31, 1.41, 1.19, 1.22) -> 1.2825 | AH7: 0 | AI7: =AVERAGE(2.12, 2.21, 2.53, 2.86) -> 2.43 | AJ7: =AVERAGE(2.27, 2.52, 2.6, 2.26) -> 2.4125 | AK7: 0 | AL7: =AVERAGE(2.22, 2.54, 2.55, 2.72) -> 2.5075 | AM7: =AVERAGE(1.73, 1.72, 1.92, 1.96) -> 1.8325 | AN7: 0 | AO7: =AVERAGE(1.99, 2.16, 2.16, 2.17) -> 2.12 | AP7: =AVERAGE(1.94, 1.61, 1.65, 1.94) -> 1.785 | AQ7: 0 | AR7: =AVERAGE(2.09, 2.36, 2.25, 2.41) -> 2.2775 | AS7: =AVERAGE(1.98, 2.06, 2.13, 2.1) -> 2.0675 | AT7: 0 | AU7: =AVERAGE(AF7,AI7,AL7,AO7,AR7) -> 2.209 | AV7: =AVERAGE(AG7,AJ7,AM7,AP7,AS7) -> 1.876 | AW7: 30 | AX7: =AVERAGE(445,513,504,501) -> 490.75 | BA7: =AVERAGE(416,424,417,489) -> 436.5 | BD7: =AVERAGE(410,402,403,401) -> 404 | BG7: =AVERAGE(466,465,419,417) -> 441.75 | BJ7: =AVERAGE(460,454,467,447) -> 457 | BM7: =AVERAGE(AX7,BA7,BD7,BG7,BJ7) -> 446
A8: A6 | B8: Complete | C8: 6.012 | D8: 6.067 | E8: 6.038 | F8: 0.01318 | G8: 0.5 | H8: =AVERAGE(6.77, 6.95, 6.39, 6.5) -> 6.6525 | I8: =AVERAGE(6.5, 6.24, 6.63, 6.56) -> 6.4825 | J8: =AVERAGE(6.22, 6.41, 6.31, 6.55) -> 6.3725 | K8: =AVERAGE(6.26, 6.36, 6.46, 6.39) -> 6.3675 | L8: =AVERAGE(6.4, 6.67, 6.5, 6.77) -> 6.585 | M8: =AVERAGE(6.34, 6.35, 6.81, 6.39) -> 6.4725 | N8: =AVERAGE(6.88, 6.28, 6.24, 6.24) -> 6.41 | O8: =AVERAGE(6.85, 6.48, 6.67, 6.56) -> 6.64 | P8: =AVERAGE(6.7, 6.36, 6.3, 6.67) -> 6.5075 | Q8: =AVERAGE(6.75, 6.92, 6.73, 6.54) -> 6.735 | R8: =AVERAGE(6.44, 6.85, 6.89, 6.75) -> 6.7325 | S8: =AVERAGE(6.8, 6.57, 6.41, 6.54) -> 6.58 | T8: =AVERAGE(6.54, 6.52, 6.79, 6.7) -> 6.6375 | U8: =AVERAGE(6.49, 6.93, 6.82, 6.14) -> 6.595 | V8: =AVERAGE(6.7, 6.45, 6.58, 6.74) -> 6.6175 | W8: =AVERAGE(H8,K8,N8,Q8,T8) -> 6.5605 | X8: =AVERAGE(I8,L8,O8,R8,U8) -> 6.607 | Y8: =AVERAGE(J8,M8,P8,S8,V8) -> 6.51 | Z8: Cu | AA8: 500 | AB8: 37.5 | AC8: 10 | AE8: 0 | AF8: =AVERAGE(3.73, 3.65, 3.65, 3.39) -> 3.605 | AG8: =AVERAGE(3.03,3.07, 2.95, 3.03) -> 3.02 | AH8: 0 | AI8: =AVERAGE(3.47, 3.47, 3.3, 3.47) -> 3.4275 | AJ8: =AVERAGE(3.38, 3.3, 3.61, 3.19) -> 3.37 | AK8: 0 | AL8: =AVERAGE(3.56, 3.56, 3.39, 3.65) -> 3.54 | AM8: =AVERAGE(3.15, 3.38, 4.23, 4.35) -> 3.7775 | AN8: 0 | AO8: =AVERAGE(3.82, 3.39, 3.21, 3.47) -> 3.4725 | AP8: =AVERAGE(3.23, 3.22, 3.26, 3.38) -> 3.2725 | AQ8: 0 | AR8: =AVERAGE(3.39, 3.22, 3.47, 3.56) -> 3.41 | AS8: =AVERAGE(3.42, 3.53, 3.18, 3.35) -> 3.37 | AT8: 0 | AU8: =AVERAGE(AF8,AI8,AL8,AO8,AR8) -> 3.491 | AV8: =AVERAGE(AG8,AJ8,AM8,AP8,AS8) -> 3.362 | AW8: 37.5 | AX8: =AVERAGE(338,346,353,346) -> 345.75 | BA8: =AVERAGE(446,427,375,358) -> 401.5 | BD8: =AVERAGE(451.5,441.9,463.6,449.3) -> 451.575 | BG8: =AVERAGE(333,405,343,334) -> 353.75 | BJ8: =AVERAGE(402,439,447,489) -> 444.25 | BM8: =AVERAGE(AX8,BA8,BD8,BG8,BJ8) -> 399.365
A9: A7 | B9: Complete | C9: 6.018 | D9: 6.094 | E9: 6.042 | F9: 0.01785 | G9: 0.6 | H9: =AVERAGE(6.76, 6.51, 6.35, 6.43) -> 6.5125 | I9: =AVERAGE(6.61, 6.64, 6.19, 6.71) -> 6.5375 | J9: =AVERAGE(6.69, 6.44, 6.97, 6.74) -> 6.71 | K9: =AVERAGE(6.59, 6.51, 6.8, 6.73) -> 6.6575 | L9: =AVERAGE(6.75, 6.63, 6.37, 6.38) -> 6.5325 | M9: =AVERAGE(6.37, 6.51, 6.73, 6.55) -> 6.54 | N9: =AVERAGE(6.47, 6.18, 6.46, 6.87) -> 6.495 | O9: =AVERAGE(6.77, 6.33, 6.29, 6.9) -> 6.5725 | P9: =AVERAGE(6.46, 6.58, 6.49, 6.26) -> 6.4475 | Q9: =AVERAGE(6.74, 6.36, 6.67, 6.39) -> 6.54 | R9: =AVERAGE(6.5, 6.71, 6.14, 6.73) -> 6.52 | S9: =AVERAGE(6.82, 6.89, 6.59, 6.75) -> 6.7625 | T9: =AVERAGE(6.39, 6.34, 6.3, 6.39) -> 6.355 | U9: =AVERAGE(6.82, 6.35, 6.5, 6.59) -> 6.565 | V9: =AVERAGE(6.38, 6.47, 6.48, 6.48) -> 6.4525 | W9: =AVERAGE(H9,K9,N9,Q9,T9) -> 6.512 | X9: =AVERAGE(I9,L9,O9,R9,U9) -> 6.5455 | Y9: =AVERAGE(J9,M9,P9,S9,V9) -> 6.5825 | Z9: Cu | AA9: 500 | AB9: 25 | AC9: 10 | AE9: 0 | AF9: =AVERAGE(2.09, 2.39, 2.3, 2.09) -> 2.2175 | AG9: =AVERAGE(1.79, 1.75, 2.06, 2.53) -> 2.0325 | AH9: 0 | AI9: =AVERAGE(1.7, 1.7, 1.87, 1.91) -> 1.795 | AJ9: =AVERAGE(2.12, 1.75, 1.98, 1.96) -> 1.9525 | AK9: 0 | AL9: =AVERAGE(1.7, 1.83, 1.91, 1.7) -> 1.785 | AM9: =AVERAGE(1.31, 1.16, 1.26, 1.41) -> 1.285 | AN9: 0 | AO9: =AVERAGE(2.17, 2.09, 2.22, 2.22) -> 2.175 | AP9: =AVERAGE(2.48, 2.34, 2.37, 2.22) -> 2.3525 | AQ9: 0 | AR9: =AVERAGE(1.7, 1.91, 2, 1.91) -> 1.88 | AS9: =AVERAGE(1.92, 1.74, 1.97, 1.95) -> 1.895 | AT9: 0 | AU9: =AVERAGE(AF9,AI9,AL9,AO9,AR9) -> 1.9705 | AV9: =AVERAGE(AG9,AJ9,AM9,AP9,AS9) -> 1.9035 | AW9: 25 | AX9: =AVERAGE(416,391.6,403.1,427.5) -> 409.55 | BA9: =AVERAGE(444.8,447,433.4,420.8) -> 436.5 | BD9: =AVERAGE(416.9,443.6,444.2,473.8) -> 444.625 | BG9: =AVERAGE(463.4,446.9,420.1,449.4) -> 444.95 | BJ9: =AVERAGE(357.5,378.4,430.6,437.5) -> 401 | BM9: =AVERAGE(AX9,BA9,BD9,BG9,BJ9) -> 427.325
A10: A8 | B10: 13 DEKTAK | C10: 6.026 | D10: 6.193 | E10: 6.08 | F10: 0.0479 | G10: 1.4 | H10: =AVERAGE(6.37, 6.51, 6.83, 6.12) -> 6.4575 | I10: =AVERAGE(6.6, 6.59, 6.26, 6.46) -> 6.4775 | J10: =AVERAGE(6.32, 6.71, 6.78, 6.8) -> 6.6525 | K10: =AVERAGE(6.76, 6.55, 6.55, 6.83) -> 6.6725 | L10: =AVERAGE(6.75, 6.68, 6.31, 6.79) -> 6.6325 | M10: =AVERAGE(6.44, 6.33, 6.45, 6.41) -> 6.4075 | N10: =AVERAGE(6.3, 6.29, 6.33, 6.7) -> 6.405 | O10: =AVERAGE(6.47, 6.34, 6.71, 6.79) -> 6.5775 | P10: =AVERAGE(6.72, 6.7, 6.3, 6.22) -> 6.485 | Q10: =AVERAGE(6.85,6.98,6.44,6.24) -> 6.6275 | R10: =AVERAGE(6.39,6.69,6.54,6.57) -> 6.5475 | S10: =AVERAGE(6.65,6.65,6.4,6.38) -> 6.52 | T10: =AVERAGE(6.45, 6.7, 6.88, 6.46) -> 6.6225 | U10: =AVERAGE(6.73, 6.58, 6.61, 6.78) -> 6.675 | V10: =AVERAGE(6.77, 6.33, 6.43, 6.22) -> 6.4375 | W10: =AVERAGE(H10,K10,N10,Q10,T10) -> 6.557 | X10: =AVERAGE(I10,L10,O10,R10,U10) -> 6.582 | Y10: =AVERAGE(J10,M10,P10,S10,V10) -> 6.5005 | AB10: 55 | AE10: =AVERAGE(5.74,5.99,5.62,5.83) -> 5.795 | AF10: =AVERAGE(0.67,0.79,0.92,0.96) -> 0.835 | AG10: =AVERAGE(0.74,0.74,0.79,0.76) -> 0.7575 | AH10: =AVERAGE(5.83,5.7,5.87,5.99) -> 5.8475 | AI10: =AVERAGE(0.92,0.83,1.08,0.92) -> 0.9375 | AJ10: =AVERAGE(0.74,0.88,1.06,1.02) -> 0.925 | AK10: =AJ14 -> 0 | AL10: =AVERAGE(0.79,1,1.08,1.12) -> 0.9975 | AM10: =AVERAGE(0.91,0.82,0.93,0.86) -> 0.88 | AN10: =AM14 -> 0 | AO10: =AVERAGE(1,0.75,0.71,0.96) -> 0.855 | AP10: =AVERAGE(0.97,1.02,1.02,0.84) -> 0.9625 | AQ10: =AP14 -> 0 | AR10: =AVERAGE(0.96,1.04,0.83,0.87) -> 0.925 | AS10: =AVERAGE(1.08,1.09,0.99,0.95) -> 1.0275 | AT10: =AU13 -> 0 | AU10: =AVERAGE(AF10,AI10,AL10,AO10,AR10) -> 0.91 | AV10: =AVERAGE(AG10,AJ10,AM10,AP10,AS10) -> 0.9105 | AW10: 55
AE11: =H10-AE10 -> 0.6625 | AH11: =K10-AH10 -> 0.825
AF12: =AVERAGE(AE11, AH11) -> 0.74375

Sheet Pad widths
D1: Post-evap pad width (North) | G1: Post-evap pad width (East) | J1: Post-evap pad width (South) | M1: Post-evap pad width (West) | P1: Post-evap pad width (Center) | S1: Post-evap pad width (Average)
A2: Wafer | B2: Angle | C2: Notes | D2: Vertical | E2: Horizontal | F2: Diagonal | G2: Vertical | H2: Horizontal | I2: Diagonal | J2: Vertical | K2: Horizontal | L2: Diagonal | M2: Vertical | N2: Horizontal | O2: Diagonal | P2: Vertical | Q2: Horizontal | R2: Diagonal | S2: Vertical | T2: Horizontal | U2: Diagonal
A3: A1 | B3: 0 | C3: one-way kapton | D3: ='Wafer Status'!H3-'Wafer Status'!AE3 -> 6.43 | E3: ='Wafer Status'!I3-'Wafer Status'!AF3 -> 6.8225 | F3: ='Wafer Status'!J3-'Wafer Status'!AG3 -> 6.425 | H3: ='Wafer Status'!L3-'Wafer Status'!AI3 -> 6.3625 | P3: ='Wafer Status'!T3-'Wafer Status'!AQ3 -> 6.6825 | Q3: ='Wafer Status'!U3-'Wafer Status'!AR3 -> 6.91 | R3: ='Wafer Status'!V3-'Wafer Status'!AS3 -> 6.33 | S3: =AVERAGE(D3,G3,J3,M3,P3) -> 6.55625 | T3: =AVERAGE(E3,H3,K3,N3,Q3) -> 6.6983333 | U3: =AVERAGE(F3,I3,L3,O3,R3) -> 6.3775
A4: A2 | B4: 20 | C4: no kapton | D4: ='Wafer Status'!H4-'Wafer Status'!AE4 -> 7.005 | E4: ='Wafer Status'!I4-'Wafer Status'!AF4 -> 4.9425 | F4: ='Wafer Status'!J4-'Wafer Status'!AG4 -> 5.09 | G4: ='Wafer Status'!K4-'Wafer Status'!AH4 -> 6.3925 | H4: ='Wafer Status'!L4-'Wafer Status'!AI4 -> 4.855 | I4: ='Wafer Status'!M4-'Wafer Status'!AJ4 -> 4.9375 | J4: ='Wafer Status'!N4-'Wafer Status'!AK4 -> 6.73 | K4: ='Wafer Status'!O4-'Wafer Status'!AL4 -> 5.31 | ... R4: ='Wafer Status'!V4-'Wafer Status'!AS4 -> 4.9 | S4: =AVERAGE(D4,G4,J4,M4,P4) -> 6.685 | T4: =AVERAGE(E4,H4,K4,N4,Q4) -> 4.9295 | U4: =AVERAGE(F4,I4,L4,O4,R4) -> 4.8965
A5: A3 | B5: 0 | C5: 45 failed | D5: ='Wafer Status'!H5-'Wafer Status'!AE5 -> 6.755 | E5: ='Wafer Status'!I5-'Wafer Status'!AF5 -> 6.635 | F5: ='Wafer Status'!J5-'Wafer Status'!AG5 -> 6.77 | G5: ='Wafer Status'!K5-'Wafer Status'!AH5 -> 6.6275 | H5: ='Wafer Status'!L5-'Wafer Status'!AI5 -> 6.2875 | I5: ='Wafer Status'!M5-'Wafer Status'!AJ5 -> 6.3475 | J5: ='Wafer Status'!N5-'Wafer Status'!AK5 -> 6.57 | K5: ='Wafer Status'!O5-'Wafer Status'!AL5 -> 6.48 | ... R5: ='Wafer Status'!V5-'Wafer Status'!AS5 -> 6.6475 | S5: =AVERAGE(D5,G5,J5,M5,P5) -> 6.699 | T5: =AVERAGE(E5,H5,K5,N5,Q5) -> 6.404 | U5: =AVERAGE(F5,I5,L5,O5,R5) -> 6.521
A6: A4 | B6: 45 | C6: 180° rotation | D6: ='Wafer Status'!H6-'Wafer Status'!AE6 -> 6.51 | E6: ='Wafer Status'!I6-'Wafer Status'!AF6 -> 1.67 | F6: ='Wafer Status'!J6-'Wafer Status'!AG6 -> 1.7675 | G6: ='Wafer Status'!K6-'Wafer Status'!AH6 -> 6.625 | H6: ='Wafer Status'!L6-'Wafer Status'!AI6 -> 2.355 | I6: ='Wafer Status'!M6-'Wafer Status'!AJ6 -> 2.145 | J6: ='Wafer Status'!N6-'Wafer Status'!AK6 -> 6.715 | K6: ='Wafer Status'!O6-'Wafer Status'!AL6 -> 1.7 | ... R6: ='Wafer Status'!V6-'Wafer Status'!AS6 -> 1.1525 | S6: =AVERAGE(D6,G6,J6,M6,P6) -> 6.6975 | T6: =AVERAGE(E6,H6,K6,N6,Q6) -> 1.764 | U6: =AVERAGE(F6,I6,L6,O6,R6) -> 1.89
A7: A5 | B7: 30 | D7: ='Wafer Status'!H7-'Wafer Status'!AE7 -> 6.385 | E7: ='Wafer Status'!I7-'Wafer Status'!AF7 -> 4.8325 | F7: ='Wafer Status'!J7-'Wafer Status'!AG7 -> 5.24 | G7: ='Wafer Status'!K7-'Wafer Status'!AH7 -> 6.4525 | H7: ='Wafer Status'!L7-'Wafer Status'!AI7 -> 3.9275 | I7: ='Wafer Status'!M7-'Wafer Status'!AJ7 -> 4.0925 | J7: ='Wafer Status'!N7-'Wafer Status'!AK7 -> 6.5975 | K7: ='Wafer Status'!O7-'Wafer Status'!AL7 -> 3.7375 | ... R7: ='Wafer Status'!V7-'Wafer Status'!AS7 -> 4.2925 | S7: =AVERAGE(D7,G7,J7,M7,P7) -> 6.4965 | T7: =AVERAGE(E7,H7,K7,N7,Q7) -> 4.2405 | U7: =AVERAGE(F7,I7,L7,O7,R7) -> 4.5775
A8: A6 | B8: 37.5 | D8: ='Wafer Status'!H8-'Wafer Status'!AE8 -> 6.6525 | E8: ='Wafer Status'!I8-'Wafer Status'!AF8 -> 2.8775 | F8: ='Wafer Status'!J8-'Wafer Status'!AG8 -> 3.3525 | G8: ='Wafer Status'!K8-'Wafer Status'!AH8 -> 6.3675 | H8: ='Wafer Status'!L8-'Wafer Status'!AI8 -> 3.1575 | I8: ='Wafer Status'!M8-'Wafer Status'!AJ8 -> 3.1025 | J8: ='Wafer Status'!N8-'Wafer Status'!AK8 -> 6.41 | K8: ='Wafer Status'!O8-'Wafer Status'!AL8 -> 3.1 | ... R8: ='Wafer Status'!V8-'Wafer Status'!AS8 -> 3.2475 | S8: =AVERAGE(D8,G8,J8,M8,P8) -> 6.5605 | T8: =AVERAGE(E8,H8,K8,N8,Q8) -> 3.116 | U8: =AVERAGE(F8,I8,L8,O8,R8) -> 3.148
A9: A7 | B9: 25 | D9: ='Wafer Status'!H9-'Wafer Status'!AE9 -> 6.5125 | E9: ='Wafer Status'!I9-'Wafer Status'!AF9 -> 4.32 | F9: ='Wafer Status'!J9-'Wafer Status'!AG9 -> 4.6775 | G9: ='Wafer Status'!K9-'Wafer Status'!AH9 -> 6.6575 | H9: ='Wafer Status'!L9-'Wafer Status'!AI9 -> 4.7375 | I9: ='Wafer Status'!M9-'Wafer Status'!AJ9 -> 4.5875 | J9: ='Wafer Status'!N9-'Wafer Status'!AK9 -> 6.495 | K9: ='Wafer Status'!O9-'Wafer Status'!AL9 -> 4.7875 | ... R9: ='Wafer Status'!V9-'Wafer Status'!AS9 -> 4.5575 | S9: =AVERAGE(D9,G9,J9,M9,P9) -> 6.512 | T9: =AVERAGE(E9,H9,K9,N9,Q9) -> 4.575 | U9: =AVERAGE(F9,I9,L9,O9,R9) -> 4.679
A10: A8 | B10: 55 | D10: ='Wafer Status'!AE10 -> 5.795 | E10: ='Wafer Status'!AF10 -> 0.835 | F10: ='Wafer Status'!AG10 -> 0.7575 | G10: ='Wafer Status'!AH10 -> 5.8475 | H10: ='Wafer Status'!AI10 -> 0.9375 | I10: ='Wafer Status'!AJ10 -> 0.925 | J10: ='Wafer Status'!AK10 -> 0 | K10: ='Wafer Status'!AL10 -> 0.9975 | ... U10: ='Wafer Status'!AV10 -> 0.9105

Sheet Pad widths (2)
D1: Post-evap pad width (North) | G1: Post-evap pad width (East) | J1: Post-evap pad width (South) | M1: Post-evap pad width (West) | P1: Post-evap pad width (Center) | S1: Post-evap pad width (Average)
A2: Wafer | B2: Angle | C2: Notes | D2: Vertical | E2: Horizontal | F2: Diagonal | G2: Vertical | H2: Horizontal | I2: Diagonal | J2: Vertical | K2: Horizontal | L2: Diagonal | M2: Vertical | N2: Horizontal | O2: Diagonal | P2: Vertical | Q2: Horizontal | R2: Diagonal | S2: Vertical | T2: Horizontal | U2: Diagonal
A3: A1 | B3: 0 | C3: one-way kapton | D3: ='Wafer Status'!H3-'Wafer Status'!AE3-'Wafer Status'!$AF$12 -> 5.68625 | E3: ='Wafer Status'!I3-'Wafer Status'!AF3-'Wafer Status'!$AF$12 -> 6.07875 | F3: ='Wafer Status'!J3-'Wafer Status'!AG3-'Wafer Status'!$AF$12 -> 5.68125 | H3: ='Wafer Status'!L3-'Wafer Status'!AI3-'Wafer Status'!$AF$12 -> 5.61875 | P3: ='Wafer Status'!T3-'Wafer Status'!AQ3-'Wafer Status'!$AF$12 -> 5.93875 | Q3: ='Wafer Status'!U3-'Wafer Status'!AR3-'Wafer Status'!$AF$12 -> 6.16625 | R3: ='Wafer Status'!V3-'Wafer Status'!AS3-'Wafer Status'!$AF$12 -> 5.58625 | S3: ='Wafer Status'!W3-'Wafer Status'!AT3-'Wafer Status'!$AF$12 -> 5.8125 | T3: ='Wafer Status'!X3-'Wafer Status'!AU3-'Wafer Status'!$AF$12 -> 5.9545833 | U3: ='Wafer Status'!Y3-'Wafer Status'!AV3-'Wafer Status'!$AF$12 -> 5.63375
A4: A2 | B4: 20 | C4: no kapton | D4: ='Wafer Status'!H4-'Wafer Status'!AE4-'Wafer Status'!$AF$12 -> 6.26125 | E4: ='Wafer Status'!I4-'Wafer Status'!AF4-'Wafer Status'!$AF$12 -> 4.19875 | F4: ='Wafer Status'!J4-'Wafer Status'!AG4-'Wafer Status'!$AF$12 -> 4.34625 | G4: ='Wafer Status'!K4-'Wafer Status'!AH4-'Wafer Status'!$AF$12 -> 5.64875 | H4: ='Wafer Status'!L4-'Wafer Status'!AI4-'Wafer Status'!$AF$12 -> 4.11125 | I4: ='Wafer Status'!M4-'Wafer Status'!AJ4-'Wafer Status'!$AF$12 -> 4.19375 | J4: ='Wafer Status'!N4-'Wafer Status'!AK4-'Wafer Status'!$AF$12 -> 5.98625 | K4: ='Wafer Status'!O4-'Wafer Status'!AL4-'Wafer Status'!$AF$12 -> 4.56625 | ... U4: ='Wafer Status'!Y4-'Wafer Status'!AV4-'Wafer Status'!$AF$12 -> 4.15275
A5: A3 | B5: 0 | C5: 45 failed | D5: ='Wafer Status'!H5-'Wafer Status'!AE5-'Wafer Status'!$AF$12 -> 6.01125 | E5: ='Wafer Status'!I5-'Wafer Status'!AF5-'Wafer Status'!$AF$12 -> 5.89125 | F5: ='Wafer Status'!J5-'Wafer Status'!AG5-'Wafer Status'!$AF$12 -> 6.02625 | G5: ='Wafer Status'!K5-'Wafer Status'!AH5-'Wafer Status'!$AF$12 -> 5.88375 | H5: ='Wafer Status'!L5-'Wafer Status'!AI5-'Wafer Status'!$AF$12 -> 5.54375 | I5: ='Wafer Status'!M5-'Wafer Status'!AJ5-'Wafer Status'!$AF$12 -> 5.60375 | J5: ='Wafer Status'!N5-'Wafer Status'!AK5-'Wafer Status'!$AF$12 -> 5.82625 | K5: ='Wafer Status'!O5-'Wafer Status'!AL5-'Wafer Status'!$AF$12 -> 5.73625 | ... U5: ='Wafer Status'!Y5-'Wafer Status'!AV5-'Wafer Status'!$AF$12 -> 5.77725
A6: A4 | B6: 45 | C6: 180° rotation | D6: ='Wafer Status'!H6-'Wafer Status'!AE6-'Wafer Status'!$AF$12 -> 5.76625 | E6: ='Wafer Status'!I6-'Wafer Status'!AF6-'Wafer Status'!$AF$12 -> 0.92625 | F6: ='Wafer Status'!J6-'Wafer Status'!AG6-'Wafer Status'!$AF$12 -> 1.02375 | G6: ='Wafer Status'!K6-'Wafer Status'!AH6-'Wafer Status'!$AF$12 -> 5.88125 | H6: ='Wafer Status'!L6-'Wafer Status'!AI6-'Wafer Status'!$AF$12 -> 1.61125 | I6: ='Wafer Status'!M6-'Wafer Status'!AJ6-'Wafer Status'!$AF$12 -> 1.40125 | J6: ='Wafer Status'!N6-'Wafer Status'!AK6-'Wafer Status'!$AF$12 -> 5.97125 | K6: ='Wafer Status'!O6-'Wafer Status'!AL6-'Wafer Status'!$AF$12 -> 0.95625 | ... U6: ='Wafer Status'!Y6-'Wafer Status'!AV6-'Wafer Status'!$AF$12 -> 1.14625
A7: A5 | B7: 30 | D7: ='Wafer Status'!H7-'Wafer Status'!AE7-'Wafer Status'!$AF$12 -> 5.64125 | E7: ='Wafer Status'!I7-'Wafer Status'!AF7-'Wafer Status'!$AF$12 -> 4.08875 | F7: ='Wafer Status'!J7-'Wafer Status'!AG7-'Wafer Status'!$AF$12 -> 4.49625 | G7: ='Wafer Status'!K7-'Wafer Status'!AH7-'Wafer Status'!$AF$12 -> 5.70875 | H7: ='Wafer Status'!L7-'Wafer Status'!AI7-'Wafer Status'!$AF$12 -> 3.18375 | I7: ='Wafer Status'!M7-'Wafer Status'!AJ7-'Wafer Status'!$AF$12 -> 3.34875 | J7: ='Wafer Status'!N7-'Wafer Status'!AK7-'Wafer Status'!$AF$12 -> 5.85375 | K7: ='Wafer Status'!O7-'Wafer Status'!AL7-'Wafer Status'!$AF$12 -> 2.99375 | ... U7: ='Wafer Status'!Y7-'Wafer Status'!AV7-'Wafer Status'!$AF$12 -> 3.83375
A8: A6 | B8: 37.5 | D8: ='Wafer Status'!H8-'Wafer Status'!AE8-'Wafer Status'!$AF$12 -> 5.90875 | E8: ='Wafer Status'!I8-'Wafer Status'!AF8-'Wafer Status'!$AF$12 -> 2.13375 | F8: ='Wafer Status'!J8-'Wafer Status'!AG8-'Wafer Status'!$AF$12 -> 2.60875 | G8: ='Wafer Status'!K8-'Wafer Status'!AH8-'Wafer Status'!$AF$12 -> 5.62375 | H8: ='Wafer Status'!L8-'Wafer Status'!AI8-'Wafer Status'!$AF$12 -> 2.41375 | I8: ='Wafer Status'!M8-'Wafer Status'!AJ8-'Wafer Status'!$AF$12 -> 2.35875 | J8: ='Wafer Status'!N8-'Wafer Status'!AK8-'Wafer Status'!$AF$12 -> 5.66625 | K8: ='Wafer Status'!O8-'Wafer Status'!AL8-'Wafer Status'!$AF$12 -> 2.35625 | ... U8: ='Wafer Status'!Y8-'Wafer Status'!AV8-'Wafer Status'!$AF$12 -> 2.40425
A9: A7 | B9: 25 | D9: ='Wafer Status'!H9-'Wafer Status'!AE9-'Wafer Status'!$AF$12 -> 5.76875 | E9: ='Wafer Status'!I9-'Wafer Status'!AF9-'Wafer Status'!$AF$12 -> 3.57625 | F9: ='Wafer Status'!J9-'Wafer Status'!AG9-'Wafer Status'!$AF$12 -> 3.93375 | G9: ='Wafer Status'!K9-'Wafer Status'!AH9-'Wafer Status'!$AF$12 -> 5.91375 | H9: ='Wafer Status'!L9-'Wafer Status'!AI9-'Wafer Status'!$AF$12 -> 3.99375 | I9: ='Wafer Status'!M9-'Wafer Status'!AJ9-'Wafer Status'!$AF$12 -> 3.84375 | J9: ='Wafer Status'!N9-'Wafer Status'!AK9-'Wafer Status'!$AF$12 -> 5.75125 | K9: ='Wafer Status'!O9-'Wafer Status'!AL9-'Wafer Status'!$AF$12 -> 4.04375 | ... U9: ='Wafer Status'!Y9-'Wafer Status'!AV9-'Wafer Status'!$AF$12 -> 3.93525
A10: A8 | B10: 55 | D10: ='Wafer Status'!AE10 -> 5.795 | E10: ='Wafer Status'!AF10 -> 0.835 | F10: ='Wafer Status'!AG10 -> 0.7575 | G10: ='Wafer Status'!AH10 -> 5.8475 | H10: ='Wafer Status'!AI10 -> 0.9375 | I10: ='Wafer Status'!AJ10 -> 0.925 | J10: ='Wafer Status'!N10-'Wafer Status'!AK10-'Wafer Status'!$AF$12 -> 5.66125 | K10: ='Wafer Status'!AL10 -> 0.9975 | L10: ='Wafer Status'!AM10 -> 0.88 | M10: ='Wafer Status'!Q10-'Wafer Status'!AN10-'Wafer Status'!$AF$12 -> 5.88375 | N10: ='Wafer Status'!AO10 -> 0.855 | O10: ='Wafer Status'!AP10 -> 0.9625 | P10: ='Wafer Status'!T10-'Wafer Status'!AQ10-'Wafer Status'!$AF$12 -> 5.87875 | Q10: ='Wafer Status'!AR10 -> 0.925 | R10: ='Wafer Status'!AS10 -> 1.0275 | S10: ='Wafer Status'!W10-'Wafer Status'!AT10-'Wafer Status'!$AF$12 -> 5.81325 | T10: ='Wafer Status'!AU10 -> 0.91 | U10: ='Wafer Status'!AV10 -> 0.9105
